"Id_vente","Date_vente","Valeur_fonciere","Id_bien"
"1","2020-04-30","130770.0","1"
"2","2020-02-18","147600.0","2"
"3","2020-01-15","140310.0","3"
"4","2020-03-04","136800.0","4"
"5","2020-05-07","56700.0","5"
"6","2020-02-10","60274.8","6"
"7","2020-02-12","122922.0","9"
"8","2020-04-29","43650.0","10"
"9","2020-04-21","175500.0","11"
"10","2020-02-11","69120.0","12"
"11","2020-02-06","61200.0","14"
"12","2020-01-13","104931.0","15"
"13","2020-06-03","437706.0","16"
"14","2020-01-23","261720.0","17"
"15","2020-01-14","333000.0","18"
"16","2020-03-10","188100.0","19"
"17","2020-03-02","95860.8","20"
"18","2020-05-07","242685.0","22"
"19","2020-06-25","107550.0","23"
"20","2020-06-30","74808.0","24"
"21","2020-02-21","172800.0","25"
"22","2020-03-10","207000.0","26"
"23","2020-02-26","94500.0","27"
"24","2020-03-03","171000.0","28"
"25","2020-01-27","84015.0","29"
"26","2020-02-14","50850.0","30"
"27","2020-02-26","96750.0","31"
"28","2020-01-15","129573.0","32"
"29","2020-05-15","202365.0","33"
"30","2020-01-30","73350.0","34"
"31","2020-02-24","71550.0","35"
"32","2020-02-19","74700.0","36"
"33","2020-02-24","144000.0","37"
"34","2020-01-28","187200.0","38"
"35","2020-05-25","42300.0","39"
"36","2020-06-11","49050.0","40"
"37","2020-06-23","141750.0","41"
"38","2020-03-30","223200.0","42"
"39","2020-01-30","209745.0","43"
"40","2020-02-06","125100.0","44"
"41","2020-01-16","220500.0","45"
"42","2020-01-30","211500.0","46"
"43","2020-03-02","105930.0","47"
"44","2020-01-03","127890.0","48"
"45","2020-03-30","269100.0","49"
"46","2020-04-28","72994.5","50"
"47","2020-06-10","148500.0","51"
"48","2020-05-12","558000.0","52"
"49","2020-01-29","419472.0","53"
"50","2020-06-10","134100.0","54"
"51","2020-06-29","153900.0","55"
"52","2020-06-04","126450.0","56"
"53","2020-03-13","189000.0","57"
"54","2020-04-30","319500.0","58"
"55","2020-06-11","101700.0","59"
"56","2020-05-05","197100.0","61"
"57","2020-01-29","1485000.0","63"
"58","2020-06-03","360000.0","64"
"59","2020-02-17","47250.0","65"
"60","2020-01-13","1575675.0","66"
"61","2020-01-08","193500.0","67"
"62","2020-06-08","207000.0","68"
"63","2020-01-14","2070000.0","69"
"64","2020-02-21","171000.0","70"
"65","2020-01-31","63900.0","71"
"66","2020-05-05","67500.0","72"
"67","2020-06-05","204750.0","73"
"68","2020-02-25","143100.0","74"
"69","2020-02-18","575100.0","75"
"70","2020-04-21","675000.0","76"
"71","2020-06-19","489462.3","77"
"72","2020-06-19","159750.0","78"
"73","2020-03-05","112995.0","79"
"74","2020-05-27","227700.0","80"
"75","2020-03-13","113850.0","81"
"76","2020-01-31","287991.0","82"
"77","2020-06-15","382500.0","83"
"78","2020-06-29","72000.0","84"
"79","2020-01-09","136437.75","85"
"80","2020-03-13","47700.0","86"
"81","2020-04-17","91350.0","87"
"82","2020-06-12","122400.0","88"
"83","2020-04-28","94564.8","89"
"84","2020-05-15","361800.0","90"
"85","2020-03-20","67959.0","92"
"86","2020-05-20","166950.0","93"
"87","2020-02-13","44550.0","94"
"88","2020-05-20","63828.9","95"
"89","2020-05-29","56700.0","96"
"90","2020-06-19","154285.2","97"
"91","2020-01-20","712800.0","98"
"92","2020-04-08","135000.0","99"
"93","2020-05-29","295920.0","100"
"94","2020-02-28","247500.0","101"
"95","2020-02-05","269190.0","102"
"96","2020-06-15","472500.0","104"
"97","2020-06-25","864000.0","105"
"98","2020-06-19","252900.0","106"
"99","2020-03-12","635400.0","107"
"100","2020-06-30","200700.0","108"
"101","2020-05-26","288900.0","109"
"102","2020-06-26","418500.0","110"
"103","2020-03-11","285599.7","111"
"104","2020-02-06","449100.0","112"
"105","2020-02-05","290700.0","113"
"106","2020-02-05","346500.0","114"
"107","2020-02-27","250200.0","115"
"108","2020-01-21","517500.0","116"
"109","2020-01-17","679500.0","117"
"110","2020-02-05","247500.0","118"
"111","2020-03-20","368721.0","120"
"112","2020-01-23","412785.0","121"
"113","2020-02-24","454500.0","122"
"114","2020-01-20","289323.08999999997","123"
"115","2020-03-04","819000.0","127"
"116","2020-02-24","333000.0","128"
"117","2020-06-12","114210.0","129"
"118","2020-01-27","253368.0","130"
"119","2020-01-14","380700.0","131"
"120","2020-04-17","159300.0","132"
"121","2020-03-13","251460.0","134"
"122","2020-06-19","51300.0","135"
"123","2020-06-24","193500.0","136"
"124","2020-02-27","472500.0","137"
"125","2020-01-27","250650.0","138"
"126","2020-04-10","751500.0","139"
"127","2020-05-29","1098000.0","140"
"128","2020-02-17","2403000.0","141"
"129","2020-03-05","2168955.0","142"
"130","2020-01-10","250961.4","143"
"131","2020-06-04","79200.0","144"
"132","2020-06-30","381600.0","145"
"133","2020-06-26","423000.0","146"
"134","2020-05-20","217800.0","147"
"135","2020-06-04","253350.0","148"
"136","2020-05-15","532530.0","149"
"137","2020-02-13","238680.0","150"
"138","2020-02-25","431370.0","151"
"139","2020-06-02","598500.0","152"
"140","2020-04-03","1107000.0","154"
"141","2020-05-15","167967.9","155"
"142","2020-01-10","54080.1","156"
"143","2020-05-12","64800.0","157"
"144","2020-05-14","83700.0","158"
"145","2020-06-23","126000.0","159"
"146","2020-06-17","97264.8","160"
"147","2020-02-17","102384.0","161"
"148","2020-05-12","44100.0","162"
"149","2020-06-10","585000.0","163"
"150","2020-06-04","373680.0","164"
"151","2020-02-20","250650.0","166"
"152","2020-02-12","284850.0","167"
"153","2020-05-15","576000.0","168"
"154","2020-03-31","643950.0","169"
"155","2020-02-26","388777.5","170"
"156","2020-06-16","108000.0","171"
"157","2020-01-17","855000.0","172"
"158","2020-02-13","247680.0","173"
"159","2020-01-14","206550.0","174"
"160","2020-01-06","546138.0","175"
"161","2020-02-06","504000.0","176"
"162","2020-06-24","189000.0","177"
"163","2020-04-23","702900.0","178"
"164","2020-03-10","394200.0","179"
"165","2020-03-12","311292.0","180"
"166","2020-05-29","139500.0","181"
"167","2020-06-12","207000.0","182"
"168","2020-06-15","589500.0","183"
"169","2020-06-10","171000.0","184"
"170","2020-05-15","94821.3","185"
"171","2020-06-19","54000.0","186"
"172","2020-06-25","119700.0","187"
"173","2020-03-05","101700.0","188"
"174","2020-05-29","175500.0","189"
"175","2020-02-28","62100.0","190"
"176","2020-02-05","203220.0","191"
"177","2020-01-17","121500.0","192"
"178","2020-06-03","379800.0","194"
"179","2020-05-12","99346.5","195"
"180","2020-06-16","90000.0","196"
"181","2020-05-25","91800.0","197"
"182","2020-06-18","96525.0","198"
"183","2020-01-24","98136.0","199"
"184","2020-05-15","200700.0","200"
"185","2020-01-17","221769.0","201"
"186","2020-06-09","115650.0","202"
"187","2020-06-04","124200.0","203"
"188","2020-04-20","78300.0","204"
"189","2020-01-27","144000.0","205"
"190","2020-04-30","67950.0","206"
"191","2020-06-26","174600.0","207"
"192","2020-01-09","148050.0","208"
"193","2020-04-20","90000.0","209"
"194","2020-04-06","143550.0","210"
"195","2020-04-15","76500.0","211"
"196","2020-05-16","29700.0","212"
"197","2020-02-03","56700.0","213"
"198","2020-02-19","63000.0","214"
"199","2020-06-09","66600.0","215"
"200","2020-02-06","74250.0","216"
"201","2020-02-07","103500.0","217"
"202","2020-04-30","23850.0","218"
"203","2020-04-30","135000.0","219"
"204","2020-06-10","306577.242","220"
"205","2020-05-14","265500.0","221"
"206","2020-01-22","82800.0","222"
"207","2020-03-26","95400.0","223"
"208","2020-06-16","139500.0","224"
"209","2020-06-12","58860.0","225"
"210","2020-02-25","104400.0","226"
"211","2020-05-29","83250.0","227"
"212","2020-03-06","131580.0","228"
"213","2020-05-29","58050.0","229"
"214","2020-05-27","67500.0","230"
"215","2020-03-12","81497.7","231"
"216","2020-01-18","100800.0","232"
"217","2020-02-27","220500.0","233"
"218","2020-05-26","360000.0","234"
"219","2020-06-02","681345.0","235"
"220","2020-02-20","168300.0","236"
"221","2020-03-12","90000.0","237"
"222","2020-01-20","198450.0","238"
"223","2020-06-16","45000.0","239"
"224","2020-04-10","92250.0","240"
"225","2020-01-14","99000.0","241"
"226","2020-02-19","70200.0","242"
"227","2020-01-09","124200.0","243"
"228","2020-05-15","90450.0","244"
"229","2020-05-28","180000.0","245"
"230","2020-03-31","66600.0","247"
"231","2020-05-25","117954.0","248"
"232","2020-02-24","157500.0","250"
"233","2020-04-09","74250.0","251"
"234","2020-06-05","162000.0","252"
"235","2020-01-02","147483.0","253"
"236","2020-06-22","73557.90000000001","254"
"237","2020-01-21","105300.0","255"
"238","2020-01-20","152100.0","256"
"239","2020-02-03","233100.0","257"
"240","2020-06-10","59400.0","258"
"241","2020-02-19","121500.0","259"
"242","2020-05-25","71100.0","260"
"243","2020-01-14","217800.0","261"
"244","2020-04-03","66600.0","262"
"245","2020-02-14","85500.0","263"
"246","2020-01-27","153000.0","264"
"247","2020-01-03","59733.0","265"
"248","2020-06-12","151200.0","266"
"249","2020-06-19","152100.0","267"
"250","2020-01-31","204300.0","268"
"251","2020-03-03","108000.0","269"
"252","2020-01-23","200700.0","270"
"253","2020-02-28","79515.0","271"
"254","2020-06-22","28800.0","272"
"255","2020-02-13","169623.0","273"
"256","2020-02-07","117180.0","274"
"257","2020-02-13","40500.0","275"
"258","2020-05-15","58500.0","276"
"259","2020-02-11","45000.0","277"
"260","2020-03-10","87300.0","278"
"261","2020-01-15","139050.0","279"
"262","2020-01-03","171000.0","280"
"263","2020-03-04","57600.0","281"
"264","2020-05-07","85050.0","282"
"265","2020-06-05","103500.0","283"
"266","2020-06-04","105930.0","284"
"267","2020-02-26","675000.0","285"
"268","2020-06-04","128700.0","286"
"269","2020-01-11","100260.0","288"
"270","2020-04-27","261000.0","289"
"271","2020-01-28","990000.0","290"
"272","2020-02-18","38700.0","291"
"273","2020-01-22","171000.0","292"
"274","2020-06-19","100350.0","293"
"275","2020-06-18","117000.0","294"
"276","2020-02-12","207000.0","295"
"277","2020-06-19","79200.0","296"
"278","2020-04-10","112410.0","297"
"279","2020-04-10","69300.0","298"
"280","2020-06-25","39150.0","299"
"281","2020-05-14","474300.0","300"
"282","2020-01-22","80100.0","302"
"283","2020-03-05","203400.0","303"
"284","2020-03-12","86400.0","304"
"285","2020-05-29","118800.0","305"
"286","2020-01-14","95400.0","306"
"287","2020-05-27","153900.0","307"
"288","2020-01-28","41220.0","308"
"289","2020-01-14","43043.4","309"
"290","2020-03-11","181350.0","310"
"291","2020-04-07","69840.0","311"
"292","2020-05-07","145800.0","312"
"293","2020-01-27","105140.7","313"
"294","2020-02-12","109350.0","314"
"295","2020-05-15","166500.0","315"
"296","2020-05-26","61650.0","316"
"297","2020-05-06","222750.0","317"
"298","2020-05-28","45720.0","318"
"299","2020-03-13","138060.0","319"
"300","2020-02-24","171081.0","320"
"301","2020-02-21","104985.0","321"
"302","2020-05-13","202527.0","322"
"303","2020-06-13","125100.0","323"
"304","2020-06-02","190800.0","324"
"305","2020-01-20","477000.0","325"
"306","2020-06-29","658890.0","326"
"307","2020-05-25","221220.0","327"
"308","2020-01-17","84150.0","328"
"309","2020-02-05","62739.0","329"
"310","2020-04-29","69858.0","330"
"311","2020-06-11","55350.0","331"
"312","2020-04-20","182250.0","332"
"313","2020-02-05","83700.0","334"
"314","2020-02-28","185310.0","335"
"315","2020-05-29","140400.0","336"
"316","2020-03-05","109800.0","337"
"317","2020-06-26","246690.0","338"
"318","2020-05-29","36900.0","340"
"319","2020-04-30","58950.0","341"
"320","2020-05-04","141300.0","342"
"321","2020-04-29","100800.0","343"
"322","2020-05-11","104850.0","344"
"323","2020-06-29","36000.0","346"
"324","2020-02-12","101340.0","347"
"325","2020-05-26","201600.0","348"
"326","2020-01-03","44550.0","349"
"327","2020-04-10","46800.0","350"
"328","2020-05-27","66600.0","351"
"329","2020-04-15","101700.0","352"
"330","2020-05-28","42300.0","353"
"331","2020-01-29","115213.401","354"
"332","2020-05-20","886500.0","355"
"333","2020-01-10","495293.85000000003","356"
"334","2020-06-24","198000.0","358"
"335","2020-02-12","174600.0","359"
"336","2020-01-16","305100.0","360"
"337","2020-05-20","211500.0","361"
"338","2020-01-28","95400.0","362"
"339","2020-01-24","55800.0","363"
"340","2020-02-26","63900.0","364"
"341","2020-02-08","94410.0","365"
"342","2020-02-25","106200.0","366"
"343","2020-05-15","132300.0","367"
"344","2020-05-15","47700.0","368"
"345","2020-03-09","199800.0","369"
"346","2020-01-20","201600.0","370"
"347","2020-02-18","57600.0","371"
"348","2020-06-16","55350.0","372"
"349","2020-01-10","64800.0","373"
"350","2020-03-05","66150.0","374"
"351","2020-06-08","120600.0","375"
"352","2020-06-26","67500.0","376"
"353","2020-04-16","91350.0","377"
"354","2020-01-27","326745.0","378"
"355","2020-01-10","90900.0","379"
"356","2020-03-04","144000.0","380"
"357","2020-02-19","159300.0","381"
"358","2020-02-11","116370.0","382"
"359","2020-02-05","99900.0","383"
"360","2020-02-21","119700.0","384"
"361","2020-01-06","161550.0","385"
"362","2020-01-17","215100.0","386"
"363","2020-06-30","151200.0","387"
"364","2020-05-04","181323.0","388"
"365","2020-06-03","190350.0","389"
"366","2020-03-23","171000.0","390"
"367","2020-06-15","198000.0","391"
"368","2020-06-04","116388.0","392"
"369","2020-01-16","200700.0","393"
"370","2020-06-23","92700.0","394"
"371","2020-03-03","513000.0","395"
"372","2020-01-23","178625.952","396"
"373","2020-01-08","120600.0","397"
"374","2020-05-15","38700.0","398"
"375","2020-02-25","172350.0","399"
"376","2020-02-13","173655.0","400"
"377","2020-03-06","104850.0","401"
"378","2020-06-12","207000.0","402"
"379","2020-06-10","109800.0","403"
"380","2020-05-20","765000.0","404"
"381","2020-05-12","149400.0","405"
"382","2020-06-29","226800.0","406"
"383","2020-01-13","72450.0","407"
"384","2020-03-20","154800.0","408"
"385","2020-01-02","44100.0","409"
"386","2020-02-07","202500.0","411"
"387","2020-01-10","127035.0","412"
"388","2020-06-10","162450.0","413"
"389","2020-05-15","36000.0","414"
"390","2020-01-31","96975.0","415"
"391","2020-05-26","66690.0","416"
"392","2020-05-28","83700.0","417"
"393","2020-01-18","115200.0","418"
"394","2020-06-18","72900.0","419"
"395","2020-05-28","225000.0","420"
"396","2020-02-13","166410.0","421"
"397","2020-06-24","146790.0","422"
"398","2020-02-27","131400.0","423"
"399","2020-06-29","194400.0","425"
"400","2020-03-05","162900.0","426"
"401","2020-01-31","67860.0","427"
"402","2020-06-29","291150.0","428"
"403","2020-05-06","135000.0","429"
"404","2020-01-15","110700.0","430"
"405","2020-01-21","228271.5","431"
"406","2020-01-08","111060.0","432"
"407","2020-06-09","125190.0","433"
"408","2020-01-08","98991.0","434"
"409","2020-06-26","92700.0","435"
"410","2020-02-26","73800.0","436"
"411","2020-06-02","125100.0","437"
"412","2020-04-22","102847.5","438"
"413","2020-05-26","162000.0","439"
"414","2020-03-04","230400.0","440"
"415","2020-06-12","81000.0","441"
"416","2020-02-26","115425.0","442"
"417","2020-02-05","37350.0","443"
"418","2020-01-30","76500.0","444"
"419","2020-05-15","65430.0","445"
"420","2020-05-28","93150.0","446"
"421","2020-06-22","40410.0","447"
"422","2020-06-19","42300.0","448"
"423","2020-05-28","81000.0","449"
"424","2020-02-10","78300.0","450"
"425","2020-02-18","271170.0","451"
"426","2020-05-25","247500.0","452"
"427","2020-04-16","69300.0","453"
"428","2020-02-05","78750.0","454"
"429","2020-01-27","219150.0","455"
"430","2020-02-17","141300.0","456"
"431","2020-02-04","222300.0","457"
"432","2020-01-06","301500.0","460"
"433","2020-05-15","536760.0","461"
"434","2020-03-12","191700.0","462"
"435","2020-04-03","162000.0","463"
"436","2020-06-23","159840.0","464"
"437","2020-05-22","189900.0","465"
"438","2020-02-14","288477.0","466"
"439","2020-02-04","103500.0","467"
"440","2020-02-10","162000.0","468"
"441","2020-06-16","207000.0","469"
"442","2020-01-08","334800.0","470"
"443","2020-03-23","211500.0","471"
"444","2020-04-22","144000.0","472"
"445","2020-06-19","95661.0","473"
"446","2020-04-29","176454.0","474"
"447","2020-02-27","141300.0","475"
"448","2020-05-26","61920.0","476"
"449","2020-06-08","101610.0","477"
"450","2020-05-29","45000.0","478"
"451","2020-05-05","52200.0","479"
"452","2020-05-25","39600.0","480"
"453","2020-06-23","48780.0","481"
"454","2020-02-13","120937.5","482"
"455","2020-04-17","134100.0","483"
"456","2020-05-13","358200.0","484"
"457","2020-06-05","108927.0","485"
"458","2020-02-24","177300.0","486"
"459","2020-03-11","223200.0","487"
"460","2020-01-30","125190.0","488"
"461","2020-03-23","140850.0","489"
"462","2020-06-05","111600.0","490"
"463","2020-02-11","136800.0","491"
"464","2020-02-17","34200.0","492"
"465","2020-06-04","163800.0","493"
"466","2020-06-05","117675.0","494"
"467","2020-06-26","94500.0","495"
"468","2020-03-20","74700.0","496"
"469","2020-01-16","93600.0","497"
"470","2020-01-20","198450.0","498"
"471","2020-03-26","137700.0","499"
"472","2020-04-30","108000.0","500"
"473","2020-04-03","173250.0","501"
"474","2020-05-29","162000.0","502"
"475","2020-06-02","193500.0","503"
"476","2020-05-22","218835.0","504"
"477","2020-04-29","188469.0","505"
"478","2020-03-04","101700.0","506"
"479","2020-05-12","146700.0","507"
"480","2020-03-10","336780.0","508"
"481","2020-05-27","195750.0","509"
"482","2020-03-05","134100.0","510"
"483","2020-02-26","139050.0","511"
"484","2020-02-13","522225.0","512"
"485","2020-01-29","117000.0","513"
"486","2020-06-29","117000.0","513"
"487","2020-04-30","67500.0","514"
"488","2020-02-28","162000.0","515"
"489","2020-02-06","37800.0","517"
"490","2020-05-15","142200.0","518"
"491","2020-01-30","128700.0","519"
"492","2020-06-25","148050.0","520"
"493","2020-05-11","63000.0","521"
"494","2020-01-20","220950.0","522"
"495","2020-06-05","36000.0","523"
"496","2020-06-30","22365.0","524"
"497","2020-06-26","40500.0","525"
"498","2020-01-06","64980.0","526"
"499","2020-01-21","65700.0","527"
"500","2020-02-24","95400.0","528"
"501","2020-01-14","96300.0","529"
"502","2020-02-20","81000.0","530"
"503","2020-02-10","82350.0","531"
"504","2020-01-31","127728.0","532"
"505","2020-01-23","166500.0","533"
"506","2020-03-03","252000.0","534"
"507","2020-06-26","131940.0","535"
"508","2020-01-13","90900.0","536"
"509","2020-06-22","149400.0","537"
"510","2020-06-11","48510.0","538"
"511","2020-06-03","60300.0","539"
"512","2020-06-23","63000.0","540"
"513","2020-05-15","228330.0","541"
"514","2020-02-20","176400.0","542"
"515","2020-06-10","206370.0","543"
"516","2020-03-11","264600.0","544"
"517","2020-04-22","228600.0","545"
"518","2020-03-26","312966.0","546"
"519","2020-01-30","142200.0","547"
"520","2020-02-03","122130.0","548"
"521","2020-05-20","88200.0","549"
"522","2020-05-26","95400.0","550"
"523","2020-05-13","138600.0","551"
"524","2020-05-15","410850.0","552"
"525","2020-01-20","83700.0","553"
"526","2020-06-04","174600.0","554"
"527","2020-06-11","139500.0","555"
"528","2020-01-10","92700.0","556"
"529","2020-05-25","134460.0","557"
"530","2020-06-18","235800.0","558"
"531","2020-01-20","62100.0","559"
"532","2020-01-16","66600.0","560"
"533","2020-01-15","215640.0","561"
"534","2020-01-21","90000.0","562"
"535","2020-02-27","180000.0","563"
"536","2020-02-27","198000.0","564"
"537","2020-02-12","102510.0","565"
"538","2020-05-06","162450.0","566"
"539","2020-01-31","178200.0","567"
"540","2020-02-28","216000.0","568"
"541","2020-02-28","29250.0","569"
"542","2020-05-29","108000.0","570"
"543","2020-04-30","101340.0","571"
"544","2020-01-30","119700.0","572"
"545","2020-01-10","95760.0","573"
"546","2020-06-25","233100.0","574"
"547","2020-06-05","113877.0","576"
"548","2020-01-14","287100.0","577"
"549","2020-03-27","84366.0","578"
"550","2020-01-16","47700.0","579"
"551","2020-01-11","129600.0","580"
"552","2020-06-13","56250.0","581"
"553","2020-02-03","60300.0","582"
"554","2020-01-28","71100.0","583"
"555","2020-03-13","46800.0","584"
"556","2020-01-28","247500.0","585"
"557","2020-06-26","405900.0","586"
"558","2020-06-26","468000.0","587"
"559","2020-05-29","108000.0","588"
"560","2020-03-10","1800000.0","589"
"561","2020-01-10","47700.0","590"
"562","2020-01-16","132300.0","591"
"563","2020-01-06","192600.0","592"
"564","2020-02-05","102600.0","593"
"565","2020-01-31","105300.0","594"
"566","2020-01-07","227700.0","595"
"567","2020-04-28","43200.0","596"
"568","2020-02-17","128700.0","597"
"569","2020-02-25","209610.0","598"
"570","2020-01-24","117000.0","599"
"571","2020-03-31","468000.0","600"
"572","2020-05-29","47763.0","601"
"573","2020-06-26","153000.0","602"
"574","2020-06-12","167868.0","603"
"575","2020-04-27","159750.0","604"
"576","2020-01-25","110700.0","606"
"577","2020-02-07","78300.0","607"
"578","2020-02-21","83700.0","608"
"579","2020-02-25","111096.0","609"
"580","2020-02-13","72000.0","610"
"581","2020-06-12","163800.0","611"
"582","2020-01-17","63450.0","612"
"583","2020-05-07","51300.0","613"
"584","2020-01-10","41400.0","614"
"585","2020-06-23","118800.0","615"
"586","2020-04-30","192812.4","616"
"587","2020-03-12","161100.0","617"
"588","2020-03-26","62100.0","618"
"589","2020-02-10","121500.0","619"
"590","2020-05-20","74250.0","620"
"591","2020-03-11","163773.0","621"
"592","2020-06-02","81900.0","622"
"593","2020-05-27","41400.0","623"
"594","2020-01-17","844290.0","625"
"595","2020-06-12","153900.0","626"
"596","2020-05-28","87300.0","627"
"597","2020-06-12","131850.0","628"
"598","2020-02-07","121500.0","629"
"599","2020-03-06","150345.0","630"
"600","2020-06-08","88200.0","631"
"601","2020-05-12","135450.0","632"
"602","2020-01-30","144900.0","633"
"603","2020-06-12","468000.0","634"
"604","2020-06-04","277200.0","635"
"605","2020-05-15","85500.0","636"
"606","2020-01-30","82800.0","638"
"607","2020-06-25","100800.0","639"
"608","2020-01-21","177615.0","640"
"609","2020-05-07","85500.0","641"
"610","2020-05-29","144000.0","642"
"611","2020-06-02","110657.7","643"
"612","2020-02-18","106200.0","644"
"613","2020-06-24","111150.0","645"
"614","2020-01-21","115560.0","646"
"615","2020-01-10","48150.0","647"
"616","2020-04-09","290700.0","649"
"617","2020-06-17","43200.0","651"
"618","2020-02-19","162584.1","652"
"619","2020-05-26","67950.0","653"
"620","2020-04-30","193167.0","655"
"621","2020-01-30","34650.0","656"
"622","2020-03-20","52650.0","657"
"623","2020-06-19","113400.0","658"
"624","2020-05-27","180000.0","659"
"625","2020-01-15","128700.0","660"
"626","2020-05-15","130500.0","661"
"627","2020-06-15","104850.0","662"
"628","2020-05-29","44100.0","663"
"629","2020-02-25","77580.0","664"
"630","2020-03-06","323100.0","665"
"631","2020-02-05","310050.0","666"
"632","2020-02-20","152100.0","667"
"633","2020-05-15","200425.5","668"
"634","2020-05-28","144900.0","669"
"635","2020-03-03","212400.0","671"
"636","2020-02-01","317700.0","672"
"637","2020-01-30","34200.0","673"
"638","2020-02-13","233865.0","675"
"639","2020-06-02","226800.0","676"
"640","2020-05-27","442080.0","677"
"641","2020-01-28","411300.0","678"
"642","2020-02-26","146700.0","679"
"643","2020-06-16","149400.0","680"
"644","2020-01-17","218700.0","681"
"645","2020-02-13","144900.0","682"
"646","2020-05-29","163800.0","683"
"647","2020-06-12","116100.0","684"
"648","2020-03-30","197100.0","685"
"649","2020-05-20","299700.0","686"
"650","2020-02-28","279000.0","687"
"651","2020-01-17","288478.8","688"
"652","2020-03-06","279000.0","689"
"653","2020-06-19","213300.0","690"
"654","2020-05-25","235800.0","691"
"655","2020-06-26","136800.0","692"
"656","2020-06-24","223083.0","693"
"657","2020-04-27","675000.0","694"
"658","2020-05-25","50400.0","695"
"659","2020-02-07","122310.0","696"
"660","2020-02-08","40500.0","697"
"661","2020-06-16","315000.0","698"
"662","2020-05-29","198000.0","699"
"663","2020-02-14","503100.0","700"
"664","2020-05-15","1865250.0","701"
"665","2020-04-27","231300.0","702"
"666","2020-05-22","220590.0","703"
"667","2020-06-10","105300.0","704"
"668","2020-01-02","62010.0","706"
"669","2020-01-20","429417.0","707"
"670","2020-06-11","80100.0","708"
"671","2020-01-23","44910.0","709"
"672","2020-05-14","51300.0","710"
"673","2020-03-05","109050.3","711"
"674","2020-03-20","32400.0","712"
"675","2020-05-27","161100.0","713"
"676","2020-05-26","201150.0","715"
"677","2020-06-24","115470.0","716"
"678","2020-01-06","58500.0","717"
"679","2020-05-28","51300.0","718"
"680","2020-01-16","418950.0","719"
"681","2020-02-10","158850.0","720"
"682","2020-06-23","124200.0","721"
"683","2020-01-28","322200.0","722"
"684","2020-05-07","169200.0","723"
"685","2020-05-29","253800.0","724"
"686","2020-01-24","283770.0","725"
"687","2020-03-04","144000.0","726"
"688","2020-05-25","116100.0","727"
"689","2020-03-02","173385.0","729"
"690","2020-05-29","155700.0","730"
"691","2020-02-25","191027.7","732"
"692","2020-02-27","194535.0","733"
"693","2020-04-03","108000.0","734"
"694","2020-02-25","119700.0","735"
"695","2020-01-16","209520.0","736"
"696","2020-06-24","328500.0","737"
"697","2020-04-29","717012.0","738"
"698","2020-01-10","104580.0","739"
"699","2020-03-12","63000.0","740"
"700","2020-02-27","204120.0","741"
"701","2020-01-08","108837.0","742"
"702","2020-01-08","246240.0","743"
"703","2020-06-23","260100.0","744"
"704","2020-06-02","139500.0","745"
"705","2020-03-06","145125.0","746"
"706","2020-01-29","139950.0","747"
"707","2020-02-04","178470.0","748"
"708","2020-02-15","127800.0","749"
"709","2020-06-17","114282.0","750"
"710","2020-01-14","172080.0","751"
"711","2020-05-27","169956.0","752"
"712","2020-06-19","337500.0","753"
"713","2020-06-16","418500.0","754"
"714","2020-01-29","114058.8","755"
"715","2020-06-30","175500.0","756"
"716","2020-03-04","455580.0","757"
"717","2020-01-09","243000.0","758"
"718","2020-06-16","282600.0","759"
"719","2020-05-28","555300.0","760"
"720","2020-06-02","661500.0","761"
"721","2020-04-24","860400.0","762"
"722","2020-01-29","972000.0","763"
"723","2020-06-29","972000.0","763"
"724","2020-05-26","459000.0","765"
"725","2020-06-18","373500.0","766"
"726","2020-04-10","108000.0","768"
"727","2020-05-27","330300.0","769"
"728","2020-05-28","441882.0","770"
"729","2020-06-19","368280.0","771"
"730","2020-06-30","816750.0","772"
"731","2020-01-27","847422.0","773"
"732","2020-03-06","448200.0","774"
"733","2020-03-12","272700.0","775"
"734","2020-01-06","580500.0","776"
"735","2020-05-12","499500.0","777"
"736","2020-01-23","643905.1799999999","778"
"737","2020-03-04","179613.0","779"
"738","2020-05-20","142290.0","780"
"739","2020-03-13","54000.0","781"
"740","2020-06-12","131400.0","783"
"741","2020-06-11","79560.0","784"
"742","2020-05-28","153000.0","785"
"743","2020-06-03","177300.0","786"
"744","2020-01-20","228888.0","788"
"745","2020-05-26","80149.5","789"
"746","2020-06-04","219600.0","790"
"747","2020-01-22","103500.0","791"
"748","2020-03-03","783000.0","792"
"749","2020-05-07","117000.0","793"
"750","2020-06-11","538650.0","794"
"751","2020-04-17","197100.0","795"
"752","2020-04-30","151200.0","796"
"753","2020-05-28","108450.0","797"
"754","2020-01-15","135000.0","799"
"755","2020-06-03","131940.0","800"
"756","2020-06-26","359100.0","801"
"757","2020-03-12","139500.0","802"
"758","2020-02-21","211500.0","803"
"759","2020-01-24","225000.0","804"
"760","2020-02-28","234900.0","805"
"761","2020-04-30","252900.0","806"
"762","2020-06-24","163800.0","807"
"763","2020-03-05","209700.0","808"
"764","2020-05-26","166500.0","809"
"765","2020-01-29","161865.0","810"
"766","2020-06-29","161865.0","810"
"767","2020-06-24","157500.0","811"
"768","2020-06-03","154800.0","812"
"769","2020-01-13","175896.0","813"
"770","2020-03-11","172800.0","815"
"771","2020-01-31","225900.0","816"
"772","2020-06-26","403038.0","817"
"773","2020-06-26","36810.0","818"
"774","2020-03-06","153000.0","819"
"775","2020-03-31","280530.0","820"
"776","2020-01-27","94050.0","821"
"777","2020-05-20","343800.0","823"
"778","2020-05-29","261000.0","825"
"779","2020-02-04","305100.0","826"
"780","2020-03-06","279000.0","827"
"781","2020-02-17","161100.0","828"
"782","2020-03-30","130500.0","829"
"783","2020-03-05","281088.27","830"
"784","2020-02-07","149850.0","831"
"785","2020-03-09","177480.0","832"
"786","2020-04-09","63000.0","833"
"787","2020-03-09","93732.003","834"
"788","2020-01-22","104400.0","835"
"789","2020-03-06","158400.0","836"
"790","2020-06-03","278100.0","837"
"791","2020-01-15","74988.0","838"
"792","2020-01-31","58950.0","839"
"793","2020-03-27","59220.0","840"
"794","2020-01-08","103950.0","841"
"795","2020-05-27","913043.475","842"
"796","2020-05-25","400189.5","843"
"797","2020-05-20","276115.5","844"
"798","2020-06-25","91805.40000000001","845"
"799","2020-05-29","93600.0","846"
"800","2020-06-12","67500.0","847"
"801","2020-04-23","87300.0","848"
"802","2020-03-10","2555370.0","849"
"803","2020-04-09","2092500.0","850"
"804","2020-06-30","1344216.6","851"
"805","2020-01-23","445599.558","852"
"806","2020-05-28","715500.0","853"
"807","2020-06-23","202500.0","855"
"808","2020-02-06","131697.0","858"
"809","2020-06-05","198000.0","859"
"810","2020-06-18","165330.0","860"
"811","2020-02-19","172773.9","861"
"812","2020-01-31","196200.0","862"
"813","2020-02-25","119700.0","863"
"814","2020-01-03","297900.0","864"
"815","2020-06-15","457200.0","865"
"816","2020-06-16","82800.0","866"
"817","2020-06-11","45900.0","867"
"818","2020-01-21","67950.0","868"
"819","2020-06-19","132300.0","869"
"820","2020-01-28","181800.0","872"
"821","2020-01-10","256203.0","873"
"822","2020-06-13","43974.0","874"
"823","2020-06-12","165600.0","875"
"824","2020-03-09","85230.0","877"
"825","2020-05-15","115256.7","878"
"826","2020-06-17","163350.0","879"
"827","2020-02-28","107010.0","880"
"828","2020-02-07","245880.0","881"
"829","2020-01-08","264600.0","882"
"830","2020-03-24","133650.0","883"
"831","2020-02-03","214650.0","884"
"832","2020-01-29","202500.0","885"
"833","2020-06-29","202500.0","885"
"834","2020-06-12","76950.0","886"
"835","2020-05-20","285300.0","887"
"836","2020-01-29","265991.4","888"
"837","2020-01-10","176220.0","889"
"838","2020-06-22","251100.0","890"
"839","2020-03-09","191250.0","891"
"840","2020-05-20","128700.0","892"
"841","2020-05-13","153252.0","893"
"842","2020-06-03","110700.0","894"
"843","2020-04-23","77436.0","895"
"844","2020-04-03","46350.0","896"
"845","2020-01-30","65700.0","897"
"846","2020-02-17","129600.0","898"
"847","2020-02-10","113400.0","899"
"848","2020-05-12","189000.0","900"
"849","2020-01-08","82800.0","901"
"850","2020-03-09","109800.0","902"
"851","2020-04-27","57105.0","903"
"852","2020-02-28","193500.0","904"
"853","2020-06-10","117000.0","905"
"854","2020-05-15","218700.0","906"
"855","2020-01-17","227610.0","907"
"856","2020-01-14","151650.0","908"
"857","2020-06-12","182250.0","909"
"858","2020-05-28","445500.0","910"
"859","2020-01-23","187200.0","911"
"860","2020-06-02","146700.0","912"
"861","2020-01-31","87300.0","913"
"862","2020-03-09","113400.0","914"
"863","2020-01-10","172134.0","915"
"864","2020-01-30","189621.0","916"
"865","2020-01-17","558000.0","917"
"866","2020-03-13","69750.0","918"
"867","2020-06-26","206100.0","919"
"868","2020-02-12","58500.0","920"
"869","2020-05-22","72450.0","921"
"870","2020-01-27","144000.0","922"
"871","2020-05-14","233712.0","923"
"872","2020-02-03","210600.0","924"
"873","2020-06-03","148500.0","925"
"874","2020-01-23","200250.0","926"
"875","2020-02-19","307989.0","927"
"876","2020-02-27","168750.0","928"
"877","2020-03-25","122850.0","929"
"878","2020-02-27","163314.0","930"
"879","2020-03-27","243000.0","932"
"880","2020-05-27","127800.0","933"
"881","2020-01-09","144000.0","934"
"882","2020-02-20","189000.0","935"
"883","2020-01-27","202500.0","936"
"884","2020-04-16","108000.0","937"
"885","2020-01-22","153450.0","938"
"886","2020-06-24","198090.0","939"
"887","2020-05-13","125640.0","940"
"888","2020-02-21","139212.0","942"
"889","2020-03-10","159889.5","943"
"890","2020-03-09","196110.0","944"
"891","2020-04-24","245812.5","945"
"892","2020-06-23","327060.0","946"
"893","2020-04-14","173700.0","947"
"894","2020-05-15","205380.0","948"
"895","2020-01-30","215190.0","949"
"896","2020-05-15","132750.0","950"
"897","2020-04-23","274500.0","951"
"898","2020-01-30","481635.0","952"
"899","2020-03-06","217530.0","953"
"900","2020-01-30","194908.5","954"
"901","2020-06-17","281250.0","955"
"902","2020-01-13","510255.0","956"
"903","2020-06-04","178560.0","958"
"904","2020-02-14","181800.0","959"
"905","2020-05-15","198900.0","960"
"906","2020-05-28","265500.0","961"
"907","2020-01-30","345600.0","962"
"908","2020-01-31","235872.0","963"
"909","2020-01-29","189000.0","964"
"910","2020-06-29","189000.0","964"
"911","2020-03-10","72000.0","965"
"912","2020-02-04","452920.5","967"
"913","2020-02-12","151200.0","968"
"914","2020-05-12","420300.0","969"
"915","2020-03-20","426807.0","970"
"916","2020-05-29","279000.0","971"
"917","2020-01-31","425700.0","972"
"918","2020-01-10","273600.0","973"
"919","2020-03-12","52200.0","974"
"920","2020-05-28","67500.0","975"
"921","2020-02-11","101700.0","976"
"922","2020-01-15","156150.0","977"
"923","2020-05-22","332100.0","978"
"924","2020-06-05","108000.0","979"
"925","2020-01-29","96750.0","980"
"926","2020-05-28","396000.0","981"
"927","2020-02-07","148500.0","982"
"928","2020-05-04","302400.0","983"
"929","2020-01-31","286200.0","984"
"930","2020-05-29","477000.0","985"
"931","2020-06-04","409968.0","986"
"932","2020-01-13","315000.0","987"
"933","2020-05-12","719703.0","988"
"934","2020-03-06","189450.0","989"
"935","2020-01-08","222660.0","990"
"936","2020-01-21","251100.0","991"
"937","2020-06-03","432000.0","992"
"938","2020-06-22","628425.0","993"
"939","2020-05-28","268434.0","994"
"940","2020-03-11","376200.0","995"
"941","2020-06-01","313641.0","997"
"942","2020-06-10","328500.0","998"
"943","2020-01-07","182250.0","999"
"944","2020-06-09","127800.0","1000"
"945","2020-06-09","129600.0","1001"
"946","2020-03-07","150210.0","1002"
"947","2020-01-24","26100.0","1003"
"948","2020-06-20","65700.0","1006"
"949","2020-02-21","133074.0","1007"
"950","2020-06-26","160920.0","1008"
"951","2020-01-21","56700.0","1009"
"952","2020-02-07","243000.0","1012"
"953","2020-06-09","234000.0","1013"
"954","2020-01-29","283905.0","1014"
"955","2020-06-29","283905.0","1014"
"956","2020-01-16","42750.0","1015"
"957","2020-04-02","53100.0","1016"
"958","2020-02-21","152910.0","1017"
"959","2020-06-25","205200.0","1018"
"960","2020-01-10","63531.0","1019"
"961","2020-06-19","191250.0","1020"
"962","2020-06-26","341820.0","1021"
"963","2020-06-10","184500.0","1023"
"964","2020-02-27","209074.5","1024"
"965","2020-03-26","212400.0","1025"
"966","2020-02-19","190800.0","1026"
"967","2020-01-24","141750.0","1027"
"968","2020-06-24","741960.0","1028"
"969","2020-05-15","288000.0","1029"
"970","2020-06-30","436500.0","1030"
"971","2020-03-27","130500.0","1031"
"972","2020-01-24","222975.0","1032"
"973","2020-06-25","243000.0","1033"
"974","2020-01-15","252000.0","1034"
"975","2020-02-14","258543.9","1035"
"976","2020-01-31","245880.0","1036"
"977","2020-02-12","116100.0","1037"
"978","2020-01-17","138600.0","1038"
"979","2020-01-28","322650.0","1039"
"980","2020-01-08","72000.0","1040"
"981","2020-01-20","252000.0","1041"
"982","2020-01-15","264411.0","1042"
"983","2020-01-31","208800.0","1043"
"984","2020-05-15","189000.0","1044"
"985","2020-05-29","222300.0","1045"
"986","2020-06-09","117000.0","1046"
"987","2020-06-12","877500.0","1047"
"988","2020-01-29","64350.0","1048"
"989","2020-06-18","42345.0","1049"
"990","2020-04-01","115650.0","1050"
"991","2020-01-24","170100.0","1051"
"992","2020-03-02","148995.0","1052"
"993","2020-03-06","180900.0","1053"
"994","2020-05-20","186763.5","1054"
"995","2020-06-17","174600.0","1055"
"996","2020-01-24","106704.0","1056"
"997","2020-04-28","312525.0","1057"
"998","2020-05-25","549000.0","1058"
"999","2020-06-26","139500.0","1059"
"1000","2020-01-29","137700.0","1060"
"1001","2020-06-29","137700.0","1060"
"1002","2020-01-23","129960.0","1061"
"1003","2020-06-19","141561.0","1062"
"1004","2020-06-19","117720.0","1063"
"1005","2020-04-20","92781.0","1064"
"1006","2020-01-24","343800.0","1065"
"1007","2020-02-14","164700.0","1066"
"1008","2020-02-25","205839.0","1067"
"1009","2020-03-09","354600.0","1068"
"1010","2020-02-29","51750.0","1069"
"1011","2020-01-28","132750.0","1070"
"1012","2020-05-14","142200.0","1071"
"1013","2020-02-03","262692.0","1072"
"1014","2020-05-12","146700.0","1073"
"1015","2020-01-08","48150.0","1074"
"1016","2020-01-21","27720.0","1075"
"1017","2020-05-14","102150.0","1076"
"1018","2020-02-04","108900.0","1077"
"1019","2020-05-20","83303.1","1078"
"1020","2020-06-15","119232.0","1079"
"1021","2020-06-16","65700.0","1080"
"1022","2020-04-15","409716.0","1081"
"1023","2020-01-10","142672.5","1082"
"1024","2020-06-12","305100.0","1083"
"1025","2020-05-25","146700.0","1084"
"1026","2020-05-20","315639.0","1085"
"1027","2020-02-14","262107.0","1086"
"1028","2020-05-15","109530.0","1088"
"1029","2020-02-28","134505.0","1089"
"1030","2020-05-14","239400.0","1090"
"1031","2020-02-07","136350.0","1091"
"1032","2020-05-05","263250.0","1092"
"1033","2020-01-29","629100.0","1093"
"1034","2020-05-16","531000.0","1094"
"1035","2020-01-16","110466.0","1095"
"1036","2020-02-13","94698.0","1096"
"1037","2020-06-25","234000.0","1097"
"1038","2020-02-28","229500.0","1098"
"1039","2020-06-30","114750.0","1099"
"1040","2020-05-15","194535.0","1100"
"1041","2020-04-30","78300.0","1101"
"1042","2020-01-08","218700.0","1102"
"1043","2020-06-30","191700.0","1103"
"1044","2020-06-15","285705.0","1104"
"1045","2020-02-20","126900.0","1105"
"1046","2020-06-23","93600.0","1106"
"1047","2020-03-05","107100.0","1107"
